{
  "metadata": {
    "title": "World Capital Cities with Geographic Coordinates",
    "description": "Comprehensive list of capital cities for all countries with precise latitude and longitude coordinates",
    "totalCountries": 200,
    "createdDate": "2025-12-03",
    "coordinateSystem": "WGS84",
    "notes": [
      "Coordinates are precise enough for map centering purposes",
      "Includes alternate country names for GeoJSON compatibility",
      "Some countries have multiple capitals (administrative, legislative, judicial)",
      "Population data in millions (2024 estimates from UN World Population Prospects 2024, World Bank)"
    ]
  },
  "capitals": [
    {
      "country": "Afghanistan",
      "capital": "Kabul",
      "latitude": 34.5281,
      "longitude": 69.1723,
      "population": 43.0
    },
    {
      "country": "Albania",
      "capital": "Tirana",
      "latitude": 41.3275,
      "longitude": 19.8187,
      "population": 2.7
    },
    {
      "country": "Algeria",
      "capital": "Algiers",
      "latitude": 36.7538,
      "longitude": 3.0588,
      "population": 46.0
    },
    {
      "country": "American Samoa",
      "capital": "Pago Pago",
      "latitude": -14.271,
      "longitude": -170.702
    },
    {
      "country": "Andorra",
      "capital": "Andorra la Vella",
      "latitude": 42.5063,
      "longitude": 1.5218
    },
    {
      "country": "Angola",
      "capital": "Luanda",
      "latitude": -8.839,
      "longitude": 13.2894,
      "population": 36.7
    },
    {
      "country": "Antarctica",
      "capital": "N/A",
      "latitude": -82.8628,
      "longitude": 135.0
    },
    {
      "country": "Antigua and Barbuda",
      "capital": "Saint John's",
      "latitude": 17.1274,
      "longitude": -61.8468
    },
    {
      "country": "Argentina",
      "capital": "Buenos Aires",
      "latitude": -34.6037,
      "longitude": -58.3816,
      "population": 46.2
    },
    {
      "country": "Armenia",
      "capital": "Yerevan",
      "latitude": 40.1792,
      "longitude": 44.4991,
      "population": 2.8
    },
    {
      "country": "Aruba",
      "capital": "Oranjestad",
      "latitude": 12.5092,
      "longitude": -70.0086
    },
    {
      "country": "Australia",
      "capital": "Canberra",
      "latitude": -35.2809,
      "longitude": 149.13,
      "population": 26.6
    },
    {
      "country": "Austria",
      "capital": "Vienna",
      "latitude": 48.2082,
      "longitude": 16.3738,
      "population": 9.1
    },
    {
      "country": "Azerbaijan",
      "capital": "Baku",
      "latitude": 40.4093,
      "longitude": 49.8671,
      "population": 10.2
    },
    {
      "country": "Bahamas",
      "capital": "Nassau",
      "latitude": 25.048,
      "longitude": -77.3554
    },
    {
      "country": "Bahrain",
      "capital": "Manama",
      "latitude": 26.2285,
      "longitude": 50.586,
      "population": 1.6
    },
    {
      "country": "Bangladesh",
      "capital": "Dhaka",
      "latitude": 23.8103,
      "longitude": 90.4125,
      "population": 174.7
    },
    {
      "country": "Barbados",
      "capital": "Bridgetown",
      "latitude": 13.1132,
      "longitude": -59.5988
    },
    {
      "country": "Belarus",
      "capital": "Minsk",
      "latitude": 53.9006,
      "longitude": 27.559,
      "population": 9.1
    },
    {
      "country": "Belgium",
      "capital": "Brussels",
      "latitude": 50.8503,
      "longitude": 4.3517,
      "population": 11.7
    },
    {
      "country": "Belize",
      "capital": "Belmopan",
      "latitude": 17.251,
      "longitude": -88.759,
      "population": 0.4
    },
    {
      "country": "Benin",
      "capital": "Porto-Novo",
      "latitude": 6.4969,
      "longitude": 2.6289,
      "population": 13.7
    },
    {
      "country": "Bermuda",
      "capital": "Hamilton",
      "latitude": 32.2949,
      "longitude": -64.7814
    },
    {
      "country": "Bhutan",
      "capital": "Thimphu",
      "latitude": 27.4728,
      "longitude": 89.639,
      "population": 0.8
    },
    {
      "country": "Bolivia",
      "capital": "Sucre",
      "latitude": -19.0196,
      "longitude": -65.2619,
      "population": 12.4
    },
    {
      "country": "Bosnia and Herzegovina",
      "capital": "Sarajevo",
      "latitude": 43.8563,
      "longitude": 18.4131,
      "population": 3.2
    },
    {
      "country": "Botswana",
      "capital": "Gaborone",
      "latitude": -24.6282,
      "longitude": 25.9231,
      "population": 2.6
    },
    {
      "country": "Bouvet Island",
      "capital": "N/A",
      "latitude": -54.4208,
      "longitude": 3.3464
    },
    {
      "country": "Brazil",
      "capital": "Brasília",
      "latitude": -15.7975,
      "longitude": -47.8919,
      "population": 217.2
    },
    {
      "country": "British Virgin Islands",
      "capital": "Road Town",
      "latitude": 18.4286,
      "longitude": -64.6185
    },
    {
      "country": "Brunei",
      "capital": "Bandar Seri Begawan",
      "latitude": 4.9031,
      "longitude": 114.9398,
      "population": 0.5
    },
    {
      "country": "Bulgaria",
      "capital": "Sofia",
      "latitude": 42.6977,
      "longitude": 23.3219,
      "population": 6.7
    },
    {
      "country": "Burkina Faso",
      "capital": "Ouagadougou",
      "latitude": 12.3714,
      "longitude": -1.5197,
      "population": 23.3
    },
    {
      "country": "Burundi",
      "capital": "Gitega",
      "latitude": -3.4264,
      "longitude": 29.9306,
      "population": 13.2
    },
    {
      "country": "Cabo Verde",
      "capital": "Praia",
      "latitude": 14.933,
      "longitude": -23.5133
    },
    {
      "country": "Cambodia",
      "capital": "Phnom Penh",
      "latitude": 11.5564,
      "longitude": 104.9282,
      "population": 17.0
    },
    {
      "country": "Cameroon",
      "capital": "Yaoundé",
      "latitude": 3.848,
      "longitude": 11.5021,
      "population": 28.6
    },
    {
      "country": "Canada",
      "capital": "Ottawa",
      "latitude": 45.4215,
      "longitude": -75.6972,
      "population": 40.1
    },
    {
      "country": "Cape Verde",
      "capital": "Praia",
      "latitude": 14.933,
      "longitude": -23.5133
    },
    {
      "country": "Cayman Islands",
      "capital": "George Town",
      "latitude": 19.2866,
      "longitude": -81.3744
    },
    {
      "country": "Central African Republic",
      "capital": "Bangui",
      "latitude": 4.3947,
      "longitude": 18.5582,
      "population": 5.7
    },
    {
      "country": "Chad",
      "capital": "N'Djamena",
      "latitude": 12.1348,
      "longitude": 15.0557,
      "population": 18.5
    },
    {
      "country": "Chile",
      "capital": "Santiago",
      "latitude": -33.4489,
      "longitude": -70.6693,
      "population": 19.6
    },
    {
      "country": "China",
      "capital": "Beijing",
      "latitude": 39.9042,
      "longitude": 116.4074,
      "population": 1425.2
    },
    {
      "country": "Colombia",
      "capital": "Bogotá",
      "latitude": 4.711,
      "longitude": -74.0721,
      "population": 52.7
    },
    {
      "country": "Comoros",
      "capital": "Moroni",
      "latitude": -11.7172,
      "longitude": 43.2473
    },
    {
      "country": "Cook Islands",
      "capital": "Avarua",
      "latitude": -21.2075,
      "longitude": -159.775
    },
    {
      "country": "Costa Rica",
      "capital": "San José",
      "latitude": 9.9281,
      "longitude": -84.0907,
      "population": 5.2
    },
    {
      "country": "Croatia",
      "capital": "Zagreb",
      "latitude": 45.815,
      "longitude": 15.9819,
      "population": 3.9
    },
    {
      "country": "Cuba",
      "capital": "Havana",
      "latitude": 23.1136,
      "longitude": -82.3666,
      "population": 11.1
    },
    {
      "country": "Curaçao",
      "capital": "Willemstad",
      "latitude": 12.1696,
      "longitude": -68.99
    },
    {
      "country": "Cyprus",
      "capital": "Nicosia",
      "latitude": 35.1856,
      "longitude": 33.3823,
      "population": 1.3
    },
    {
      "country": "Czech Republic",
      "capital": "Prague",
      "latitude": 50.0755,
      "longitude": 14.4378,
      "population": 10.5
    },
    {
      "country": "Côte d'Ivoire",
      "capital": "Yamoussoukro",
      "latitude": 6.8276,
      "longitude": -5.2893,
      "population": 28.9
    },
    {
      "country": "Democratic Republic of the Congo",
      "capital": "Kinshasa",
      "latitude": -4.4419,
      "longitude": 15.2663,
      "population": 105.6
    },
    {
      "country": "Denmark",
      "capital": "Copenhagen",
      "latitude": 55.6761,
      "longitude": 12.5683,
      "population": 5.9
    },
    {
      "country": "Djibouti",
      "capital": "Djibouti",
      "latitude": 11.5721,
      "longitude": 43.1456,
      "population": 1.1
    },
    {
      "country": "Dominica",
      "capital": "Roseau",
      "latitude": 15.301,
      "longitude": -61.3881
    },
    {
      "country": "Dominican Republic",
      "capital": "Santo Domingo",
      "latitude": 18.4861,
      "longitude": -69.9312,
      "population": 11.3
    },
    {
      "country": "East Timor",
      "capital": "Dili",
      "latitude": -8.5569,
      "longitude": 125.5603,
      "population": 1.4
    },
    {
      "country": "Ecuador",
      "capital": "Quito",
      "latitude": -0.1807,
      "longitude": -78.4678,
      "population": 18.2
    },
    {
      "country": "Egypt",
      "capital": "Cairo",
      "latitude": 30.0444,
      "longitude": 31.2357,
      "population": 114.5
    },
    {
      "country": "El Salvador",
      "capital": "San Salvador",
      "latitude": 13.6929,
      "longitude": -89.2182,
      "population": 6.3
    },
    {
      "country": "United Kingdom",
      "capital": "London",
      "latitude": 51.5074,
      "longitude": -0.1278,
      "population": 68.4
    },
    {
      "country": "Equatorial Guinea",
      "capital": "Malabo",
      "latitude": 3.7523,
      "longitude": 8.7741,
      "population": 1.7
    },
    {
      "country": "Eritrea",
      "capital": "Asmara",
      "latitude": 15.3229,
      "longitude": 38.9251,
      "population": 3.7
    },
    {
      "country": "Estonia",
      "capital": "Tallinn",
      "latitude": 59.437,
      "longitude": 24.7536,
      "population": 1.4
    },
    {
      "country": "Eswatini",
      "capital": "Mbabane",
      "latitude": -26.3054,
      "longitude": 31.1367
    },
    {
      "country": "Ethiopia",
      "capital": "Addis Ababa",
      "latitude": 9.032,
      "longitude": 38.7469,
      "population": 129.7
    },
    {
      "country": "Falkland Islands",
      "capital": "Stanley",
      "latitude": -51.692,
      "longitude": -57.8571
    },
    {
      "country": "Faroe Islands",
      "capital": "Tórshavn",
      "latitude": 62.0079,
      "longitude": -6.7682
    },
    {
      "country": "Fiji",
      "capital": "Suva",
      "latitude": -18.1416,
      "longitude": 178.4415,
      "population": 0.9
    },
    {
      "country": "Finland",
      "capital": "Helsinki",
      "latitude": 60.1699,
      "longitude": 24.9384,
      "population": 5.6
    },
    {
      "country": "France",
      "capital": "Paris",
      "latitude": 48.8566,
      "longitude": 2.3522,
      "population": 68.1
    },
    {
      "country": "French Guiana",
      "capital": "Cayenne",
      "latitude": 4.9372,
      "longitude": -52.326
    },
    {
      "country": "French Polynesia",
      "capital": "Papeete",
      "latitude": -17.5516,
      "longitude": -149.5585
    },
    {
      "country": "French Southern Territories",
      "capital": "Port-aux-Français",
      "latitude": -49.35,
      "longitude": 70.2167
    },
    {
      "country": "French Southern and Antarctic Lands",
      "capital": "Port-aux-Français",
      "latitude": -49.35,
      "longitude": 70.2167
    },
    {
      "country": "Gabon",
      "capital": "Libreville",
      "latitude": 0.4162,
      "longitude": 9.4673,
      "population": 2.4
    },
    {
      "country": "Gambia",
      "capital": "Banjul",
      "latitude": 13.4549,
      "longitude": -16.579,
      "population": 2.7
    },
    {
      "country": "Georgia",
      "capital": "Tbilisi",
      "latitude": 41.7151,
      "longitude": 44.8271,
      "population": 3.7
    },
    {
      "country": "Germany",
      "capital": "Berlin",
      "latitude": 52.52,
      "longitude": 13.405,
      "population": 84.5
    },
    {
      "country": "Ghana",
      "capital": "Accra",
      "latitude": 5.6037,
      "longitude": -0.187,
      "population": 34.1
    },
    {
      "country": "Gibraltar",
      "capital": "Gibraltar",
      "latitude": 36.1408,
      "longitude": -5.3536
    },
    {
      "country": "Greece",
      "capital": "Athens",
      "latitude": 37.9838,
      "longitude": 23.7275,
      "population": 10.3
    },
    {
      "country": "Greenland",
      "capital": "Nuuk",
      "latitude": 64.1814,
      "longitude": -51.6941,
      "population": 0.06
    },
    {
      "country": "Grenada",
      "capital": "St. George's",
      "latitude": 12.0561,
      "longitude": -61.7488
    },
    {
      "country": "Guadeloupe",
      "capital": "Basse-Terre",
      "latitude": 16.0349,
      "longitude": -61.7324
    },
    {
      "country": "Guam",
      "capital": "Hagåtña",
      "latitude": 13.4443,
      "longitude": 144.7937
    },
    {
      "country": "Guatemala",
      "capital": "Guatemala City",
      "latitude": 14.6349,
      "longitude": -90.5069,
      "population": 18.4
    },
    {
      "country": "Guernsey",
      "capital": "Saint Peter Port",
      "latitude": 49.4538,
      "longitude": -2.5378
    },
    {
      "country": "Guinea",
      "capital": "Conakry",
      "latitude": 9.6412,
      "longitude": -13.5784,
      "population": 14.2
    },
    {
      "country": "Guinea Bissau",
      "capital": "Bissau",
      "latitude": 11.8816,
      "longitude": -15.6178
    },
    {
      "country": "Guyana",
      "capital": "Georgetown",
      "latitude": 6.8013,
      "longitude": -58.1551,
      "population": 0.8
    },
    {
      "country": "Haiti",
      "capital": "Port-au-Prince",
      "latitude": 18.5944,
      "longitude": -72.3074,
      "population": 11.7
    },
    {
      "country": "Heard Island and McDonald Islands",
      "capital": "N/A",
      "latitude": -53.0818,
      "longitude": 73.5042
    },
    {
      "country": "Holy See",
      "capital": "Vatican City",
      "latitude": 41.9029,
      "longitude": 12.4534
    },
    {
      "country": "Honduras",
      "capital": "Tegucigalpa",
      "latitude": 14.0723,
      "longitude": -87.1921,
      "population": 10.6
    },
    {
      "country": "Hong Kong",
      "capital": "Hong Kong",
      "latitude": 22.3193,
      "longitude": 114.1694
    },
    {
      "country": "Hungary",
      "capital": "Budapest",
      "latitude": 47.4979,
      "longitude": 19.0402,
      "population": 9.6
    },
    {
      "country": "Iceland",
      "capital": "Reykjavik",
      "latitude": 64.1466,
      "longitude": -21.9426,
      "population": 0.4
    },
    {
      "country": "India",
      "capital": "New Delhi",
      "latitude": 28.6139,
      "longitude": 77.209,
      "population": 1441.7
    },
    {
      "country": "Indonesia",
      "capital": "Jakarta",
      "latitude": -6.2088,
      "longitude": 106.8456,
      "population": 279.1
    },
    {
      "country": "Iran",
      "capital": "Tehran",
      "latitude": 35.6892,
      "longitude": 51.389,
      "population": 90.0
    },
    {
      "country": "Iraq",
      "capital": "Baghdad",
      "latitude": 33.3152,
      "longitude": 44.3661,
      "population": 45.5
    },
    {
      "country": "Ireland",
      "capital": "Dublin",
      "latitude": 53.3498,
      "longitude": -6.2603,
      "population": 5.3
    },
    {
      "country": "Isle of Man",
      "capital": "Douglas",
      "latitude": 54.1523,
      "longitude": -4.486
    },
    {
      "country": "Israel",
      "capital": "Jerusalem",
      "latitude": 31.7683,
      "longitude": 35.2137,
      "population": 9.8
    },
    {
      "country": "Italy",
      "capital": "Rome",
      "latitude": 41.9028,
      "longitude": 12.4964,
      "population": 58.9
    },
    {
      "country": "Ivory Coast",
      "capital": "Yamoussoukro",
      "latitude": 6.8276,
      "longitude": -5.2893,
      "population": 28.9
    },
    {
      "country": "Jamaica",
      "capital": "Kingston",
      "latitude": 18.0179,
      "longitude": -76.8099,
      "population": 2.8
    },
    {
      "country": "Jan Mayen",
      "capital": "Olonkinbyen",
      "latitude": 70.9,
      "longitude": -8.7
    },
    {
      "country": "Japan",
      "capital": "Tokyo",
      "latitude": 35.6762,
      "longitude": 139.6503,
      "population": 123.3
    },
    {
      "country": "Jersey",
      "capital": "Saint Helier",
      "latitude": 49.188,
      "longitude": -2.1043
    },
    {
      "country": "Jordan",
      "capital": "Amman",
      "latitude": 31.9454,
      "longitude": 35.9284,
      "population": 11.4
    },
    {
      "country": "Kazakhstan",
      "capital": "Astana",
      "latitude": 51.1605,
      "longitude": 71.4704,
      "population": 20.0
    },
    {
      "country": "Kenya",
      "capital": "Nairobi",
      "latitude": -1.2921,
      "longitude": 36.8219,
      "population": 56.0
    },
    {
      "country": "Kiribati",
      "capital": "South Tarawa",
      "latitude": 1.3382,
      "longitude": 173.0176
    },
    {
      "country": "Kosovo",
      "capital": "Pristina",
      "latitude": 42.6629,
      "longitude": 21.1655
    },
    {
      "country": "Kuwait",
      "capital": "Kuwait City",
      "latitude": 29.3759,
      "longitude": 47.9774,
      "population": 4.9
    },
    {
      "country": "Kyrgyzstan",
      "capital": "Bishkek",
      "latitude": 42.8746,
      "longitude": 74.5698,
      "population": 7.0
    },
    {
      "country": "Laos",
      "capital": "Vientiane",
      "latitude": 17.9757,
      "longitude": 102.6331,
      "population": 7.6
    },
    {
      "country": "Latvia",
      "capital": "Riga",
      "latitude": 56.9496,
      "longitude": 24.1052,
      "population": 1.8
    },
    {
      "country": "Lebanon",
      "capital": "Beirut",
      "latitude": 33.8938,
      "longitude": 35.5018,
      "population": 5.4
    },
    {
      "country": "Lesotho",
      "capital": "Maseru",
      "latitude": -29.3167,
      "longitude": 27.4833,
      "population": 2.3
    },
    {
      "country": "Liberia",
      "capital": "Monrovia",
      "latitude": 6.2907,
      "longitude": -10.7605,
      "population": 5.4
    },
    {
      "country": "Libya",
      "capital": "Tripoli",
      "latitude": 32.8872,
      "longitude": 13.1913,
      "population": 7.0
    },
    {
      "country": "Liechtenstein",
      "capital": "Vaduz",
      "latitude": 47.141,
      "longitude": 9.5209
    },
    {
      "country": "Lithuania",
      "capital": "Vilnius",
      "latitude": 54.6872,
      "longitude": 25.2797,
      "population": 2.9
    },
    {
      "country": "Luxembourg",
      "capital": "Luxembourg City",
      "latitude": 49.6116,
      "longitude": 6.1319,
      "population": 0.7
    },
    {
      "country": "Macau",
      "capital": "Macau",
      "latitude": 22.1987,
      "longitude": 113.5439
    },
    {
      "country": "Macedonia",
      "capital": "Skopje",
      "latitude": 41.9981,
      "longitude": 21.4254,
      "population": 2.1
    },
    {
      "country": "Madagascar",
      "capital": "Antananarivo",
      "latitude": -18.8792,
      "longitude": 47.5079,
      "population": 30.3
    },
    {
      "country": "Malawi",
      "capital": "Lilongwe",
      "latitude": -13.9626,
      "longitude": 33.7741,
      "population": 21.7
    },
    {
      "country": "Malaysia",
      "capital": "Kuala Lumpur",
      "latitude": 3.139,
      "longitude": 101.6869,
      "population": 34.6
    },
    {
      "country": "Maldives",
      "capital": "Malé",
      "latitude": 4.1755,
      "longitude": 73.5093
    },
    {
      "country": "Mali",
      "capital": "Bamako",
      "latitude": 12.6392,
      "longitude": -8.0029,
      "population": 23.3
    },
    {
      "country": "Malta",
      "capital": "Valletta",
      "latitude": 35.8989,
      "longitude": 14.5146,
      "population": 0.5
    },
    {
      "country": "Marshall Islands",
      "capital": "Majuro",
      "latitude": 7.1164,
      "longitude": 171.1858
    },
    {
      "country": "Martinique",
      "capital": "Fort-de-France",
      "latitude": 14.6161,
      "longitude": -61.0588
    },
    {
      "country": "Mauritania",
      "capital": "Nouakchott",
      "latitude": 18.0735,
      "longitude": -15.9582,
      "population": 4.9
    },
    {
      "country": "Mauritius",
      "capital": "Port Louis",
      "latitude": -20.1609,
      "longitude": 57.5012,
      "population": 1.3
    },
    {
      "country": "Mexico",
      "capital": "Mexico City",
      "latitude": 19.4326,
      "longitude": -99.1332,
      "population": 130.9
    },
    {
      "country": "Micronesia",
      "capital": "Palikir",
      "latitude": 6.9248,
      "longitude": 158.161
    },
    {
      "country": "Moldova",
      "capital": "Chișinău",
      "latitude": 47.0105,
      "longitude": 28.8638
    },
    {
      "country": "Monaco",
      "capital": "Monaco",
      "latitude": 43.7384,
      "longitude": 7.4246
    },
    {
      "country": "Mongolia",
      "capital": "Ulaanbaatar",
      "latitude": 47.8864,
      "longitude": 106.9057,
      "population": 3.5
    },
    {
      "country": "Montenegro",
      "capital": "Podgorica",
      "latitude": 42.4304,
      "longitude": 19.2594,
      "population": 0.6
    },
    {
      "country": "Morocco",
      "capital": "Rabat",
      "latitude": 34.0209,
      "longitude": -6.8416,
      "population": 37.8
    },
    {
      "country": "Mozambique",
      "capital": "Maputo",
      "latitude": -25.9692,
      "longitude": 32.5732,
      "population": 33.9
    },
    {
      "country": "Myanmar",
      "capital": "Naypyidaw",
      "latitude": 19.7633,
      "longitude": 96.0785,
      "population": 54.6
    },
    {
      "country": "Namibia",
      "capital": "Windhoek",
      "latitude": -22.5609,
      "longitude": 17.0658,
      "population": 2.6
    },
    {
      "country": "Nauru",
      "capital": "Yaren",
      "latitude": -0.5477,
      "longitude": 166.9209
    },
    {
      "country": "Nepal",
      "capital": "Kathmandu",
      "latitude": 27.7172,
      "longitude": 85.324,
      "population": 30.9
    },
    {
      "country": "Netherlands",
      "capital": "Amsterdam",
      "latitude": 52.3676,
      "longitude": 4.9041,
      "population": 17.9
    },
    {
      "country": "New Caledonia",
      "capital": "Nouméa",
      "latitude": -22.2763,
      "longitude": 166.458,
      "population": 0.3
    },
    {
      "country": "New Zealand",
      "capital": "Wellington",
      "latitude": -41.2866,
      "longitude": 174.7756,
      "population": 5.2
    },
    {
      "country": "Nicaragua",
      "capital": "Managua",
      "latitude": 12.115,
      "longitude": -86.2362,
      "population": 7.0
    },
    {
      "country": "Niger",
      "capital": "Niamey",
      "latitude": 13.5137,
      "longitude": 2.1098,
      "population": 27.2
    },
    {
      "country": "Nigeria",
      "capital": "Abuja",
      "latitude": 9.0765,
      "longitude": 7.3986,
      "population": 229.2
    },
    {
      "country": "Niue",
      "capital": "Alofi",
      "latitude": -19.0553,
      "longitude": -169.9178
    },
    {
      "country": "North Korea",
      "capital": "Pyongyang",
      "latitude": 39.0392,
      "longitude": 125.7625,
      "population": 26.2
    },
    {
      "country": "Northern Cyprus",
      "capital": "North Nicosia",
      "latitude": 35.1856,
      "longitude": 33.3823
    },
    {
      "country": "Northern Mariana Islands",
      "capital": "Saipan",
      "latitude": 15.1801,
      "longitude": 145.7494
    },
    {
      "country": "Norway",
      "capital": "Oslo",
      "latitude": 59.9139,
      "longitude": 10.7522,
      "population": 5.5
    },
    {
      "country": "Oman",
      "capital": "Muscat",
      "latitude": 23.588,
      "longitude": 58.3829,
      "population": 4.6
    },
    {
      "country": "Pakistan",
      "capital": "Islamabad",
      "latitude": 33.6844,
      "longitude": 73.0479,
      "population": 240.5
    },
    {
      "country": "Palau",
      "capital": "Ngerulmud",
      "latitude": 7.5006,
      "longitude": 134.6242
    },
    {
      "country": "Palestine",
      "capital": "Ramallah",
      "latitude": 31.9038,
      "longitude": 35.2034,
      "population": 5.4
    },
    {
      "country": "Panama",
      "capital": "Panama City",
      "latitude": 9.1012,
      "longitude": -79.4025,
      "population": 4.5
    },
    {
      "country": "Papua New Guinea",
      "capital": "Port Moresby",
      "latitude": -9.4438,
      "longitude": 147.1803,
      "population": 10.3
    },
    {
      "country": "Paraguay",
      "capital": "Asunción",
      "latitude": -25.2637,
      "longitude": -57.5759,
      "population": 6.9
    },
    {
      "country": "Peru",
      "capital": "Lima",
      "latitude": -12.0464,
      "longitude": -77.0428,
      "population": 34.4
    },
    {
      "country": "Philippines",
      "capital": "Manila",
      "latitude": 14.5995,
      "longitude": 120.9842,
      "population": 119.1
    },
    {
      "country": "Poland",
      "capital": "Warsaw",
      "latitude": 52.2297,
      "longitude": 21.0122,
      "population": 36.8
    },
    {
      "country": "Portugal",
      "capital": "Lisbon",
      "latitude": 38.7223,
      "longitude": -9.1393,
      "population": 10.3
    },
    {
      "country": "Puerto Rico",
      "capital": "San Juan",
      "latitude": 18.4655,
      "longitude": -66.1057,
      "population": 3.2
    },
    {
      "country": "Qatar",
      "capital": "Doha",
      "latitude": 25.2854,
      "longitude": 51.531,
      "population": 2.7
    },
    {
      "country": "Republic of Serbia",
      "capital": "Belgrade",
      "latitude": 44.7866,
      "longitude": 20.4489,
      "population": 6.6
    },
    {
      "country": "Republic of the Congo",
      "capital": "Brazzaville",
      "latitude": -4.2634,
      "longitude": 15.2429
    },
    {
      "country": "Romania",
      "capital": "Bucharest",
      "latitude": 44.4268,
      "longitude": 26.1025,
      "population": 19.0
    },
    {
      "country": "Russia",
      "capital": "Moscow",
      "latitude": 55.7558,
      "longitude": 37.6173,
      "population": 143.8
    },
    {
      "country": "Rwanda",
      "capital": "Kigali",
      "latitude": -1.9403,
      "longitude": 30.0587,
      "population": 14.1
    },
    {
      "country": "Réunion",
      "capital": "Saint-Denis",
      "latitude": -20.8823,
      "longitude": 55.4504
    },
    {
      "country": "Saint Kitts and Nevis",
      "capital": "Basseterre",
      "latitude": 17.3026,
      "longitude": -62.7177
    },
    {
      "country": "Saint Lucia",
      "capital": "Castries",
      "latitude": 14.0101,
      "longitude": -60.987
    },
    {
      "country": "Saint Vincent and the Grenadines",
      "capital": "Kingstown",
      "latitude": 13.16,
      "longitude": -61.2248
    },
    {
      "country": "Samoa",
      "capital": "Apia",
      "latitude": -13.8333,
      "longitude": -171.75
    },
    {
      "country": "San Marino",
      "capital": "San Marino",
      "latitude": 43.9424,
      "longitude": 12.4578
    },
    {
      "country": "Sao Tome and Principe",
      "capital": "São Tomé",
      "latitude": 0.3302,
      "longitude": 6.7332
    },
    {
      "country": "Saudi Arabia",
      "capital": "Riyadh",
      "latitude": 24.7136,
      "longitude": 46.6753,
      "population": 36.9
    },
    {
      "country": "Senegal",
      "capital": "Dakar",
      "latitude": 14.7167,
      "longitude": -17.4677,
      "population": 18.4
    },
    {
      "country": "Seychelles",
      "capital": "Victoria",
      "latitude": -4.6191,
      "longitude": 55.4513
    },
    {
      "country": "Sierra Leone",
      "capital": "Freetown",
      "latitude": 8.4657,
      "longitude": -13.2317,
      "population": 8.8
    },
    {
      "country": "Singapore",
      "capital": "Singapore",
      "latitude": 1.3521,
      "longitude": 103.8198,
      "population": 5.9
    },
    {
      "country": "Slovakia",
      "capital": "Bratislava",
      "latitude": 48.1486,
      "longitude": 17.1077,
      "population": 5.4
    },
    {
      "country": "Slovenia",
      "capital": "Ljubljana",
      "latitude": 46.0569,
      "longitude": 14.5058,
      "population": 2.1
    },
    {
      "country": "Solomon Islands",
      "capital": "Honiara",
      "latitude": -9.4456,
      "longitude": 159.9729,
      "population": 0.7
    },
    {
      "country": "Somalia",
      "capital": "Mogadishu",
      "latitude": 2.0469,
      "longitude": 45.3182,
      "population": 18.1
    },
    {
      "country": "South Africa",
      "capital": "Pretoria",
      "latitude": -25.7479,
      "longitude": 28.2293,
      "population": 60.4
    },
    {
      "country": "South Georgia and South Sandwich Islands",
      "capital": "King Edward Point",
      "latitude": -54.2833,
      "longitude": -36.5
    },
    {
      "country": "South Korea",
      "capital": "Seoul",
      "latitude": 37.5665,
      "longitude": 126.978,
      "population": 51.7
    },
    {
      "country": "South Sudan",
      "capital": "Juba",
      "latitude": 4.8594,
      "longitude": 31.5713,
      "population": 11.4
    },
    {
      "country": "Spain",
      "capital": "Madrid",
      "latitude": 40.4168,
      "longitude": -3.7038,
      "population": 48.4
    },
    {
      "country": "Sri Lanka",
      "capital": "Sri Jayawardenepura Kotte",
      "latitude": 6.9271,
      "longitude": 79.8612,
      "population": 21.9
    },
    {
      "country": "Sudan",
      "capital": "Khartoum",
      "latitude": 15.5007,
      "longitude": 32.5599,
      "population": 48.1
    },
    {
      "country": "Suriname",
      "capital": "Paramaribo",
      "latitude": 5.852,
      "longitude": -55.2038,
      "population": 0.6
    },
    {
      "country": "Svalbard",
      "capital": "Longyearbyen",
      "latitude": 78.2232,
      "longitude": 15.6267
    },
    {
      "country": "Swaziland",
      "capital": "Mbabane",
      "latitude": -26.3054,
      "longitude": 31.1367,
      "population": 1.2
    },
    {
      "country": "Sweden",
      "capital": "Stockholm",
      "latitude": 59.3293,
      "longitude": 18.0686,
      "population": 10.6
    },
    {
      "country": "Switzerland",
      "capital": "Bern",
      "latitude": 46.948,
      "longitude": 7.4474,
      "population": 8.8
    },
    {
      "country": "Syria",
      "capital": "Damascus",
      "latitude": 33.5138,
      "longitude": 36.2765,
      "population": 23.2
    },
    {
      "country": "São Tomé and Príncipe",
      "capital": "São Tomé",
      "latitude": 0.3302,
      "longitude": 6.7332
    },
    {
      "country": "Taiwan",
      "capital": "Taipei",
      "latitude": 25.033,
      "longitude": 121.5654,
      "population": 23.9
    },
    {
      "country": "Tajikistan",
      "capital": "Dushanbe",
      "latitude": 38.5598,
      "longitude": 68.774,
      "population": 10.3
    },
    {
      "country": "Thailand",
      "capital": "Bangkok",
      "latitude": 13.7563,
      "longitude": 100.5018,
      "population": 71.8
    },
    {
      "country": "The Bahamas",
      "capital": "Nassau",
      "latitude": 25.048,
      "longitude": -77.3554,
      "population": 0.4
    },
    {
      "country": "Togo",
      "capital": "Lomé",
      "latitude": 6.1725,
      "longitude": 1.2314,
      "population": 9.1
    },
    {
      "country": "Tokelau",
      "capital": "Atafu",
      "latitude": -8.5536,
      "longitude": -172.5085
    },
    {
      "country": "Tonga",
      "capital": "Nukuʻalofa",
      "latitude": -21.2087,
      "longitude": -175.1982
    },
    {
      "country": "Trinidad and Tobago",
      "capital": "Port of Spain",
      "latitude": 10.6596,
      "longitude": -61.5086,
      "population": 1.5
    },
    {
      "country": "Tunisia",
      "capital": "Tunis",
      "latitude": 36.8065,
      "longitude": 10.1815,
      "population": 12.5
    },
    {
      "country": "Turkey",
      "capital": "Ankara",
      "latitude": 39.9334,
      "longitude": 32.8597,
      "population": 86.3
    },
    {
      "country": "Turkmenistan",
      "capital": "Ashgabat",
      "latitude": 37.9601,
      "longitude": 58.3261,
      "population": 6.5
    },
    {
      "country": "Turks and Caicos Islands",
      "capital": "Cockburn Town",
      "latitude": 21.4674,
      "longitude": -71.1389
    },
    {
      "country": "Tuvalu",
      "capital": "Funafuti",
      "latitude": -8.5211,
      "longitude": 179.1962
    },
    {
      "country": "US Virgin Islands",
      "capital": "Charlotte Amalie",
      "latitude": 18.342,
      "longitude": -64.9307
    },
    {
      "country": "United States of America",
      "capital": "Washington, D.C.",
      "latitude": 38.9072,
      "longitude": -77.0369,
      "population": 341.8
    },
    {
      "country": "Uganda",
      "capital": "Kampala",
      "latitude": 0.3476,
      "longitude": 32.5825,
      "population": 49.0
    },
    {
      "country": "Ukraine",
      "capital": "Kyiv",
      "latitude": 50.4501,
      "longitude": 30.5234,
      "population": 36.7
    },
    {
      "country": "United Arab Emirates",
      "capital": "Abu Dhabi",
      "latitude": 24.4539,
      "longitude": 54.3773,
      "population": 10.0
    },
    {
      "country": "United Republic of Tanzania",
      "capital": "Dodoma",
      "latitude": -6.163,
      "longitude": 35.7516,
      "population": 67.4
    },
    {
      "country": "Uruguay",
      "capital": "Montevideo",
      "latitude": -34.9011,
      "longitude": -56.1645,
      "population": 3.4
    },
    {
      "country": "Uzbekistan",
      "capital": "Tashkent",
      "latitude": 41.2995,
      "longitude": 69.2401,
      "population": 35.6
    },
    {
      "country": "Vanuatu",
      "capital": "Port Vila",
      "latitude": -17.7333,
      "longitude": 168.3273,
      "population": 0.3
    },
    {
      "country": "Vatican City",
      "capital": "Vatican City",
      "latitude": 41.9029,
      "longitude": 12.4534
    },
    {
      "country": "Venezuela",
      "capital": "Caracas",
      "latitude": 10.4806,
      "longitude": -66.9036,
      "population": 28.4
    },
    {
      "country": "Vietnam",
      "capital": "Hanoi",
      "latitude": 21.0278,
      "longitude": 105.8342,
      "population": 100.3
    },
    {
      "country": "Wallis and Futuna",
      "capital": "Mata-Utu",
      "latitude": -13.2825,
      "longitude": -176.1736
    },
    {
      "country": "Western Sahara",
      "capital": "El Aaiún",
      "latitude": 27.1253,
      "longitude": -13.1625
    },
    {
      "country": "Yemen",
      "capital": "Sana'a",
      "latitude": 15.3694,
      "longitude": 44.191,
      "population": 34.4
    },
    {
      "country": "Zambia",
      "capital": "Lusaka",
      "latitude": -15.3875,
      "longitude": 28.3228,
      "population": 20.6
    },
    {
      "country": "Zimbabwe",
      "capital": "Harare",
      "latitude": -17.8252,
      "longitude": 31.0335,
      "population": 16.7
    },
    {
      "country": "Åland Islands",
      "capital": "Mariehamn",
      "latitude": 60.097,
      "longitude": 19.9348
    }
  ]
}